dish_type,cuisine,on_dinneroo,mapped_cuisine,non_dinneroo_orders,gap_signal,dinneroo_available_in_cuisine,latent_mentions,wishlist_pct,gap_type,gap_score,order_volume,avg_rating,kids_happy,kids_score,rating_score,open_text_requests,og_wishlist_pct,latent_demand_score,orders_per_zone_SCORE,rating_SCORE,kids_happy_SCORE,non_dinneroo_SCORE,latent_raw,latent_demand_SCORE,PERFORMANCE_60pct,DEMAND_40pct,UNIFIED_SCORE,strategic_priority,rank
Pasta,Italian,True,italian,11440.0,High,No,29,1.24,No Gap,2,1340.0,4.28,0.82,4.0,4.0,29,1.24,2,5.0,4.0,5.0,5.0,31.48,5.0,4.75,5.0,4.85,Core Driver,1
Curry,Indian,True,indian,8699.0,High,No,15,5.94,No Gap,2,4949.0,4.45,0.75,,4.0,15,5.94,2,5.0,5.0,3.0,5.0,26.880000000000003,5.0,4.666666666666667,5.0,4.800000000000001,Core Driver,2
Katsu,Japanese,True,japanese,8361.0,High,No,9,11.14,No Gap,2,11686.0,4.29,0.78,4.0,4.0,9,11.14,2,5.0,4.0,5.0,4.0,31.28,5.0,4.75,4.5,4.65,Core Driver,3
Fried Rice,Chinese,True,chinese,8412.0,High,No,2,0.0,Supply Gap,5,2430.0,4.46,0.88,5.0,4.0,2,0.0,1,5.0,5.0,5.0,5.0,2.0,3.0,5.0,4.0,4.6,Core Driver,4
Pho,Vietnamese,True,vietnamese,4702.0,Available,Yes,18,0.0,No Gap,2,4530.0,4.54,0.84,4.0,5.0,18,0.0,2,5.0,5.0,5.0,4.0,18.0,4.0,5.0,4.0,4.6,Core Driver,5
Pad Thai,Thai,True,thai,4144.0,Medium,No,1,0.0,No Gap,2,2370.0,4.54,0.79,4.0,5.0,1,0.0,1,5.0,5.0,5.0,4.0,1.0,3.0,5.0,3.5,4.4,Core Driver,6
Lasagne,Italian,True,italian,11440.0,High,No,6,15.59,No Gap,2,1099.0,4.17,0.75,,4.0,6,15.59,2,4.0,4.0,3.0,5.0,37.18,5.0,3.8333333333333335,5.0,4.3,Core Driver,7
Rice Bowl,Healthy/Fresh,True,healthy,1594.0,Available,Yes,0,4.21,No Gap,2,3139.0,4.39,0.95,5.0,4.0,0,4.21,1,5.0,4.0,5.0,2.0,8.42,4.0,4.75,3.0,4.050000000000001,Core Driver,8
Biryani,Indian,True,indian,8699.0,High,No,2,0.0,No Gap,2,458.0,4.53,0.75,,5.0,2,0.0,1,4.0,5.0,3.0,5.0,2.0,3.0,4.083333333333334,4.0,4.050000000000001,Core Driver,9
Shawarma,Middle Eastern,True,middle eastern,971.0,Available,Yes,2,0.0,Supply Gap,5,1355.0,4.68,0.8,4.0,5.0,2,0.0,1,5.0,5.0,5.0,2.0,2.0,3.0,5.0,2.5,4.0,Demand Booster,10
Sushi,Japanese,True,japanese,8361.0,High,No,6,0.0,No Gap,2,1043.0,4.7,0.65,3.0,5.0,6,0.0,1,4.0,5.0,1.0,4.0,6.0,4.0,3.75,4.0,3.85,Core Driver,11
Noodles,Global,True,,25.0,Medium,Yes,15,12.87,No Gap,2,3307.0,4.57,0.72,4.0,5.0,15,12.87,3,5.0,5.0,1.0,1.0,40.739999999999995,5.0,4.333333333333334,3.0,3.8000000000000003,Core Driver,12
Fajitas,Mexican,True,mexican,972.0,Low,No,0,5.2,Quality Gap,4,595.0,4.15,0.83,4.0,4.0,0,5.2,1,4.0,4.0,5.0,2.0,10.4,4.0,4.166666666666667,3.0,3.7,Core Driver,13
Salad,Healthy/Fresh,True,healthy,1594.0,Available,Yes,20,0.0,No Gap,2,1089.0,4.47,0.75,,4.0,20,0.0,2,4.0,5.0,3.0,2.0,20.0,4.0,4.083333333333334,3.0,3.6500000000000004,Core Driver,14
Ramen,Japanese,True,japanese,8361.0,High,No,3,8.91,No Gap,2,223.0,3.76,0.75,,3.0,3,8.91,2,4.0,1.0,3.0,4.0,20.82,5.0,3.0833333333333335,4.5,3.6500000000000004,Core Driver,15
Pizza,Italian,True,italian,11440.0,High,No,25,3.71,No Gap,2,400.0,3.84,0.74,4.0,3.0,25,3.71,2,4.0,1.0,1.0,5.0,32.42,5.0,2.75,5.0,3.65,Preference Driver,16
Mac & Cheese,Global,True,,25.0,Medium,Yes,0,0.0,No Gap,2,1307.0,4.51,0.81,4.0,5.0,0,0.0,1,5.0,5.0,5.0,1.0,0.0,2.0,5.0,1.5,3.6,Demand Booster,17
Butter Chicken,Indian,True,indian,8699.0,High,No,0,0.0,No Gap,2,365.0,4.0,0.75,,4.0,0,0.0,1,4.0,2.0,3.0,5.0,0.0,2.0,3.3333333333333335,3.5,3.4000000000000004,Core Driver,18
Tacos,Mexican,True,mexican,972.0,Low,No,1,10.64,Quality Gap,4,92.0,3.67,0.75,,3.0,1,10.64,2,4.0,1.0,3.0,2.0,22.28,5.0,3.0833333333333335,3.5,3.25,Core Driver,19
Teriyaki,Japanese,True,japanese,8361.0,High,No,0,0.0,No Gap,2,394.0,4.0,0.75,,4.0,0,0.0,1,4.0,2.0,3.0,4.0,0.0,2.0,3.3333333333333335,3.0,3.2,Core Driver,20
Burger,American,True,american,8140.0,High,No,18,8.17,No Gap,2,0.0,4.0,0.75,,,18,8.17,2,2.0,2.0,3.0,4.0,34.34,5.0,2.166666666666667,4.5,3.1,Preference Driver,21
Dim Sum,Chinese,False,chinese,8412.0,High,No,2,0.0,Supply Gap,5,0.0,4.0,0.75,,,2,0.0,1,2.0,2.0,3.0,5.0,2.0,3.0,2.166666666666667,4.0,2.9000000000000004,Preference Driver,22
Tikka Masala,Indian,True,indian,8699.0,High,No,0,0.0,No Gap,2,0.0,4.0,0.75,,,0,0.0,1,2.0,2.0,3.0,5.0,0.0,2.0,2.166666666666667,3.5,2.7,Preference Driver,23
Korma,Indian,False,indian,8699.0,High,No,0,0.0,No Gap,2,0.0,4.0,0.75,,,0,0.0,1,2.0,2.0,3.0,5.0,0.0,2.0,2.166666666666667,3.5,2.7,Preference Driver,24
Chinese Family Meal,Chinese,False,chinese,8412.0,High,No,0,0.0,Supply Gap,5,0.0,4.0,0.75,,,0,0.0,1,2.0,2.0,3.0,5.0,0.0,2.0,2.166666666666667,3.5,2.7,Preference Driver,25
Roast Dinner,British,True,british,3087.0,Medium,No,1,4.7,No Gap,2,0.0,4.0,0.75,,,1,4.7,1,2.0,2.0,3.0,3.0,10.4,4.0,2.166666666666667,3.5,2.7,Preference Driver,26
Shepherd's Pie,British,True,british,3087.0,Medium,No,3,0.0,No Gap,2,0.0,4.0,0.75,,,3,0.0,1,2.0,2.0,3.0,3.0,3.0,4.0,2.166666666666667,3.5,2.7,Preference Driver,27
Bangers & Mash,British,False,british,3087.0,Medium,No,0,6.19,No Gap,2,0.0,4.0,0.75,,,0,6.19,1,2.0,2.0,3.0,3.0,12.38,4.0,2.166666666666667,3.5,2.7,Preference Driver,28
Fish & Chips,Global,True,,25.0,Medium,Yes,5,8.91,No Gap,2,0.0,4.0,0.75,,,5,8.91,2,2.0,2.0,3.0,1.0,22.82,5.0,2.166666666666667,3.0,2.5,Preference Driver,29
Stir Fry,Global,True,,25.0,Medium,Yes,0,0.0,No Gap,2,61.0,4.4,0.0,3.0,4.0,0,0.0,1,3.0,4.0,1.0,1.0,0.0,2.0,2.9166666666666665,1.5,2.3499999999999996,Deprioritised,30
Korean Fried Chicken,Korean,True,korean,1807.0,Low,No,0,0.0,No Gap,2,0.0,4.0,0.75,,,0,0.0,1,2.0,2.0,3.0,3.0,0.0,2.0,2.166666666666667,2.5,2.3,Deprioritised,31
Poke Bowl,Healthy/Fresh,True,healthy,1594.0,Available,Yes,1,0.0,No Gap,2,0.0,4.0,0.75,,,1,0.0,1,2.0,2.0,3.0,2.0,1.0,3.0,2.166666666666667,2.5,2.3,Deprioritised,32
Souvlaki,Greek,False,greek,1890.0,Low,No,0,0.0,No Gap,2,0.0,4.0,0.75,,,0,0.0,1,2.0,2.0,3.0,3.0,0.0,2.0,2.166666666666667,2.5,2.3,Deprioritised,33
Bibimbap,Korean,False,korean,1807.0,Low,No,0,0.0,No Gap,2,0.0,4.0,0.75,,,0,0.0,1,2.0,2.0,3.0,3.0,0.0,2.0,2.166666666666667,2.5,2.3,Deprioritised,34
Cottage Pie,British,False,british,3087.0,Medium,No,0,0.0,No Gap,2,0.0,4.0,0.75,,,0,0.0,1,2.0,2.0,3.0,3.0,0.0,2.0,2.166666666666667,2.5,2.3,Deprioritised,35
Greek Mezze,Greek,False,greek,1890.0,Low,No,0,0.0,No Gap,2,0.0,4.0,0.75,,,0,0.0,1,2.0,2.0,3.0,3.0,0.0,2.0,2.166666666666667,2.5,2.3,Deprioritised,36
Chicken Pie,British,True,british,3087.0,Medium,No,0,0.0,No Gap,2,0.0,4.0,0.75,,,0,0.0,1,2.0,2.0,3.0,3.0,0.0,2.0,2.166666666666667,2.5,2.3,Deprioritised,37
Buddha Bowl,Healthy/Fresh,False,healthy,1594.0,Available,Yes,0,0.0,No Gap,2,0.0,4.0,0.75,,,0,0.0,1,2.0,2.0,3.0,2.0,0.0,2.0,2.166666666666667,2.0,2.1,Deprioritised,38
Veggie Fajitas,Mexican,True,mexican,972.0,Low,No,0,0.0,Quality Gap,4,0.0,4.0,0.75,,,0,0.0,1,2.0,2.0,3.0,2.0,0.0,2.0,2.166666666666667,2.0,2.1,Deprioritised,39
Burrito,Mexican,False,mexican,972.0,Low,No,0,0.0,Quality Gap,4,0.0,4.0,0.75,,,0,0.0,1,2.0,2.0,3.0,2.0,0.0,2.0,2.166666666666667,2.0,2.1,Deprioritised,40
Quesadilla,Mexican,True,mexican,972.0,Low,No,0,0.0,Quality Gap,4,0.0,4.0,0.75,,,0,0.0,1,2.0,2.0,3.0,2.0,0.0,2.0,2.166666666666667,2.0,2.1,Deprioritised,41
Wrap,Global,True,,25.0,Medium,Yes,2,0.0,No Gap,2,0.0,4.0,0.75,,,2,0.0,1,2.0,2.0,3.0,1.0,2.0,3.0,2.166666666666667,2.0,2.1,Deprioritised,42
Bowl,Healthy/Fresh,True,healthy,1594.0,Available,Yes,0,0.0,No Gap,2,0.0,4.0,0.75,,,0,0.0,1,2.0,2.0,3.0,2.0,0.0,2.0,2.166666666666667,2.0,2.1,Deprioritised,43
Grain Bowl,Healthy/Fresh,True,healthy,1594.0,Available,Yes,0,0.0,No Gap,2,0.0,4.0,0.75,,,0,0.0,1,2.0,2.0,3.0,2.0,0.0,2.0,2.166666666666667,2.0,2.1,Deprioritised,44
Sweet & Sour Chicken,Global,True,,25.0,Medium,Yes,0,0.0,No Gap,2,0.0,4.0,0.75,,,0,0.0,1,2.0,2.0,3.0,1.0,0.0,2.0,2.166666666666667,1.5,1.9000000000000001,Deprioritised,45
Grilled Chicken with Sides,Global,True,,25.0,Medium,Yes,0,0.0,No Gap,2,0.0,4.0,0.75,,,0,0.0,1,2.0,2.0,3.0,1.0,0.0,2.0,2.166666666666667,1.5,1.9000000000000001,Deprioritised,46
Halloumi Wrap,Global,True,,25.0,Medium,Yes,0,0.0,No Gap,2,0.0,4.0,0.75,,,0,0.0,1,2.0,2.0,3.0,1.0,0.0,2.0,2.166666666666667,1.5,1.9000000000000001,Deprioritised,47
Rotisserie Chicken,Global,False,,25.0,Medium,No,0,0.0,No Gap,2,0.0,4.0,0.75,,,0,0.0,1,2.0,2.0,3.0,1.0,0.0,2.0,2.166666666666667,1.5,1.9000000000000001,Deprioritised,48
